{"TX":0,"PAA_TX":0,"RX":1,"PAA_RX":0,"Rorder":0,"MPC":[[0,-40,5,50,-70,1.5],[0,-40,5,47.3469,-68.5714,1.5],[0,-40,5,44.6939,-67.1429,1.5],[0,-40,5,42.0408,-65.7143,1.5],[0,-40,5,39.3878,-64.2857,1.5],[0,-40,5,36.7347,-62.8571,1.5],[0,-40,5,34.0816,-61.4286,1.5],[0,-40,5,31.4286,-60,1.5],[0,-40,5,28.7755,-58.5714,1.5],[0,-40,5,26.1224,-57.1429,1.5],[0,-40,5,23.4694,-55.7143,1.5],[0,-40,5,20.8163,-54.2857,1.5],[0,-40,5,18.1633,-52.8571,1.5],[0,-40,5,15.5102,-51.4286,1.5],[0,-40,5,12.8571,-50,1.5],[0,-40,5,10.2041,-48.5714,1.5],[0,-40,5,7.551,-47.1429,1.5],[0,-40,5,4.898,-45.7143,1.5],[0,-40,5,2.2449,-44.2857,1.5],[0,-40,5,-0.4082,-42.8571,1.5],[0,-40,5,-3.0612,-41.4286,1.5],[0,-40,5,-5.7143,-40,1.5],[0,-40,5,-8.3673,-38.5714,1.5],[0,-40,5,-11.0204,-37.1429,1.5],[0,-40,5,-13.6735,-35.7143,1.5],[0,-40,5,-16.3265,-34.2857,1.5],[0,-40,5,-18.9796,-32.8571,1.5],[0,-40,5,-21.6327,-31.4286,1.5],[0,-40,5,-24.2857,-30,1.5],[0,-40,5,-26.9388,-28.5714,1.5],[0,-40,5,-29.5918,-27.1429,1.5],[0,-40,5,-32.2449,-25.7143,1.5],[0,-40,5,-34.898,-24.2857,1.5],[0,-40,5,-37.551,-22.8571,1.5],[0,-40,5,-40.2041,-21.4286,1.5],[0,-40,5,-42.8571,-20,1.5],[0,-40,5,-45.5102,-18.5714,1.5],[0,-40,5,-48.1633,-17.1429,1.5],[0,-40,5,-50.8163,-15.7143,1.5],[0,-40,5,-53.4694,-14.2857,1.5],[0,-40,5,-56.1224,-12.8571,1.5],[0,-40,5,-58.7755,-11.4286,1.5],[0,-40,5,-61.4286,-10,1.5],[0,-40,5,-64.0816,-8.5714,1.5],[0,-40,5,-66.7347,-7.1429,1.5],[0,-40,5,-69.3878,-5.7143,1.5],[0,-40,5,-72.0408,-4.2857,1.5],[0,-40,5,-74.6939,-2.8571,1.5],[0,-40,5,-77.3469,-1.4286,1.5],[0,-40,5,-80,0,1.5]]}
{"TX":0,"PAA_TX":0,"RX":1,"PAA_RX":0,"Rorder":1,"MPC":[[[50,-70,1.5,28.752500579419298,-43.485598857667135,3.3894228746897745,0,-40,5],[50,-70,1.5,24.360199851509183,-63.454181831209219,3.0365049565409432,0,-40,5],[50,-70,1.5,38.46153846153846,-63.07692307692308,0,0,-40,5]],[[47.3469,-68.5714,1.5,27.501737177518663,-42.789362512182507,3.3922738891553896,0,-40,5],[47.3469,-68.5714,1.5,22.959371136086911,-62.673912539857938,3.031008297826828,0,-40,5],[47.3469,-68.5714,1.5,36.420692307692306,-61.977999999999994,0,0,-40,5]],[[44.6939,-67.1429,1.5,26.255414606743479,-42.095598151430565,3.3951174338700927,0,-40,5],[44.6939,-67.1429,1.5,21.550809516996559,-61.889335978675064,3.025475785919352,0,-40,5],[44.6939,-67.1429,1.5,34.379923076923077,-60.879153846153841,0,0,-40,5]],[[42.0408,-65.7143,1.5,25.013470455581878,-41.404271034098215,3.3979483408844526,0,-40,5],[42.0408,-65.7143,1.5,20.13418105781172,-61.10026614323624,3.0199171156767015,0,-40,5],[42.0408,-65.7143,1.5,32.339076923076917,-59.780230769230762,0,0,-40,5]],[[39.3878,-64.2857,1.5,23.775972382532277,-40.715418822229,3.4007660294067494,0,-40,5],[39.3878,-64.2857,1.5,18.709523967322262,-60.306724316047408,3.0143334072118977,0,-40,5],[39.3878,-64.2857,1.5,30.298307692307691,-58.6813076923077,0,0,-40,5]],[[36.7347,-62.8571,1.5,22.542749940239581,-40.028946636452886,3.4035770614417729,0,-40,5],[36.7347,-62.8571,1.5,17.276834704280269,-59.508708524613994,3.008711734717251,0,-40,5],[36.7347,-62.8571,1.5,28.257461538461534,-57.582384615384619,0,0,-40,5]],[[34.0816,-61.4286,1.5,21.313816434394056,-39.344861883370648,3.4063840245363588,0,-40,5],[34.0816,-61.4286,1.5,15.836150072525836,-58.706239268877141,3.0030466147409576,0,-40,5],[34.0816,-61.4286,1.5,26.216615384615388,-56.483538461538465,0,0,-40,5]],[[31.4286,-60,1.5,20.089295818351374,-38.663233561508477,3.4091721436413653,0,-40,5],[31.4286,-60,1.5,14.387096507781644,-57.89910847148186,2.9973672169985037,0,-40,5],[31.4286,-60,1.5,24.175846153846152,-55.384615384615387,0,0,-40,5]],[[28.7755,-58.5714,1.5,18.868990479353,-37.983951669898488,3.4119537275736,0,-40,5],[28.7755,-58.5714,1.5,12.929788725818895,-57.087380029742988,2.9916489289171446,0,-40,5],[28.7755,-58.5714,1.5,22.135,-54.285692307692308,0,0,-40,5]],[[26.1224,-57.1429,1.5,17.652919763376548,-37.307026977462058,3.414731336480167,0,-40,5],[26.1224,-57.1429,1.5,11.464250425476449,-56.271067144044004,2.985886166773275,0,-40,5],[26.1224,-57.1429,1.5,20.094153846153844,-53.186846153846155,0,0,-40,5]],[[23.4694,-55.7143,1.5,16.441173436337316,-36.63250945231686,3.4174903491989177,0,-40,5],[23.4694,-55.7143,1.5,9.9933998218879942,-55.452888878732409,2.9797060190472608,0,-40,5],[23.4694,-55.7143,1.5,18.053384615384616,-52.087923076923076,0,0,-40,5]],[[20.8163,-54.2857,1.5,15.233583291688017,-35.960305462436537,3.4202429453595027,0,-40,5],[20.8163,-54.2857,1.5,8.5100669529781019,-54.626928662726158,2.9739440571634121,0,-40,5],[20.8163,-54.2857,1.5,16.012538461538462,-50.989,0,0,-40,5]],[[18.1633,-52.8571,1.5,14.030238632994891,-35.290464718572572,3.4229828231222781,0,-40,5],[18.1633,-52.8571,1.5,7.018256461080921,-53.796247874918016,2.968155776790705,0,-40,5],[18.1633,-52.8571,1.5,13.97176923076923,-49.890076923076926,0,0,-40,5]],[[15.5102,-51.4286,1.5,12.831003599866643,-34.622911594157856,3.4257220178911449,0,-40,5],[15.5102,-51.4286,1.5,5.5179669876655275,-52.96084575884089,2.9623156507517083,0,-40,5],[15.5102,-51.4286,1.5,11.930923076923076,-48.791230769230772,0,0,-40,5]],[[12.8571,-50,1.5,11.635930926995719,-33.957675443912471,3.4284460770664782,0,-40,5],[12.8571,-50,1.5,4.0089547891208941,-52.120586591401306,2.9564539219334076,0,-40,5],[12.8571,-50,1.5,9.8900769230769239,-47.692307692307693,0,0,-40,5]],[[10.2041,-48.5714,1.5,10.44503134301503,-33.294762239920473,3.4311575986520784,0,-40,5],[10.2041,-48.5714,1.5,2.4912583319408728,-51.275491791792646,2.950565129129088,0,-40,5],[10.2041,-48.5714,1.5,7.8493076923076925,-46.593384615384615,0,0,-40,5]],[[7.551,-47.1429,1.5,9.2581971255621927,-32.634112018623767,3.4338684931347223,0,-40,5],[7.551,-47.1429,1.5,0.96481755761957588,-50.425527917800075,2.9446232959725926,0,-40,5],[7.551,-47.1429,1.5,5.8084615384615388,-45.494538461538461,0,0,-40,5]],[[4.898,-45.7143,1.5,8.0754878549502269,-31.975757945351095,3.4365613516175983,0,-40,5],[4.898,-45.7143,1.5,-0.57051379172772432,-49.570613529042532,2.9386660228768107,0,-40,5],[4.898,-45.7143,1.5,3.7676923076923075,-44.395615384615382,0,0,-40,5]],[[2.2449,-44.2857,1.5,6.8968016124769491,-31.319643287146704,3.4392480601593878,0,-40,5],[2.2449,-44.2857,1.5,-2.1148091159991638,-48.710707754453935,2.9326672402254408,0,-40,5],[2.2449,-44.2857,1.5,1.7268461538461537,-43.296692307692304,0,0,-40,5]],[[-0.4082,-42.8571,1.5,5.7221594733466725,-30.665779775504483,3.4419255505338606,0,-40,5],[-0.4082,-42.8571,1.5,-3.6681189231877918,-47.845782469805584,2.9266334410050994,0,-40,5],[-0.4082,-42.8571,1.5,-0.314,-42.197769230769232,0,0,-40,5]],[[-3.0612,-41.4286,1.5,4.551594683113966,-30.014185916533108,3.4445963179301651,0,-40,5],[-3.0612,-41.4286,1.5,-5.230454506704465,-46.975831386618154,2.9205587806990003,0,-40,5],[-3.0612,-41.4286,1.5,-2.3547692307692305,-41.098923076923079,0,0,-40,5]],[[-5.7143,-40,1.5,3.3849803007500974,-29.364791048620788,3.4472555053646805,0,-40,5],[-5.7143,-40,1.5,-6.8020356904505119,-46.100732100945216,2.9144539896719177,0,-40,5],[-5.7143,-40,1.5,-4.3956153846153843,-40,0,0,-40,5]],[[-8.3673,-38.5714,1.5,2.2223758131857947,-28.717628285115094,3.4499025633607054,0,-40,5],[-8.3673,-38.5714,1.5,-8.3828120063453291,-45.220512714791113,2.908320287598376,0,-40,5],[-8.3673,-38.5714,1.5,-6.4363846153846156,-38.901076923076921,0,0,-40,5]],[[-11.0204,-37.1429,1.5,1.0637369402661576,-28.072672977506819,3.4525491184551029,0,-40,5],[-11.0204,-37.1429,1.5,-9.9729887719878683,-44.335058901714433,2.902130602803509,0,-40,5],[-11.0204,-37.1429,1.5,-8.4772307692307685,-37.802230769230768,0,0,-40,5]],[[-13.6735,-35.7143,1.5,-0.090990112499278616,-27.429895181140246,3.4551812054925244,0,-40,5],[-13.6735,-35.7143,1.5,-11.572585498727346,-43.444359797263537,2.895916968353216,0,-40,5],[-13.6735,-35.7143,1.5,-10.518076923076924,-36.703307692307696,0,0,-40,5]],[[-16.3265,-34.2857,1.5,-1.2417748603519225,-26.789311865329392,3.4578013324082528,0,-40,5],[-16.3265,-34.2857,1.5,-13.181609486542481,-42.548411336611061,2.8896735817565409,0,-40,5],[-16.3265,-34.2857,1.5,-12.558846153846153,