{"tx":0,"rx":1,"paaTx":0,"paaRx":0,"target":0,"delay":[[2.49454644E-7],[2.38268413E-7],[2.27744465E-7],[2.17039442E-7],[2.06164586E-7],[1.95900157E-7],[1.85588391E-7],[1.75122466E-7],[1.65232976E-7],[1.55494E-7],[1.4565363E-7],[1.36442182E-7],[1.25766604E-7],[],[],[],[],[],[],[],[],[],[],[],[],[],[],[],[],[],[],[],[],[],[],[],[],[],[],[],[],[],[],[],[],[],[],[],[],[]],"gain":[[-143.790665],[-143.294678],[-142.871429],[-142.406769],[-141.869049],[-141.389267],[-140.871445],[-140.263245],[-139.692245],[-139.083969],[-138.366318],[-137.663528],[-136.579468],[],[],[],[],[],[],[],[],[],[],[],[],[],[],[],[],[],[],[],[],[],[],[],[],[],[],[],[],[],[],[],[],[],[],[],[],[]],"phase":[[1.75291252],[0.659144521],[4.19765377],[2.30311894],[5.49862432],[0.0606528707],[1.90786672],[2.18687701],[6.14849424],[4.02430153],[1.36863399],[3.33729386],[6.25840378],[],[],[],[],[],[],[],[],[],[],[],[],[],[],[],[],[],[],[],[],[],[],[],[],[],[],[],[],[],[],[],[],[],[],[],[],[]],"aodEl":[[111.892952],[111.83252],[111.814827],[111.713722],[111.582344],[111.518753],[111.253464],[111.080711],[110.961052],[110.566483],[110.378891],[110.196213],[107.695511],[],[],[],[],[],[],[],[],[],[],[],[],[],[],[],[],[],[],[],[],[],[],[],[],[],[],[],[],[],[],[],[],[],[],[],[],[]],"aodAz":[[89.9814301],[87.5847],[85.44207],[82.9759],[80.6697235],[78.5645523],[76.187767],[74.0261841],[71.9820328],[69.7868],[67.7985611],[65.8383942],[63.4535751],[],[],[],[],[],[],[],[],[],[],[],[],[],[],[],[],[],[],[],[],[],[],[],[],[],[],[],[],[],[],[],[],[],[],[],[],[]],"aoaEl":[[90.4699097],[90.4705048],[90.5166702],[90.5500641],[90.5599365],[90.6276932],[90.6616592],[90.6919327],[90.7881393],[90.8277],[90.8972397],[91.0339584],[89.9787521],[],[],[],[],[],[],[],[],[],[],[],[],[],[],[],[],[],[],[],[],[],[],[],[],[],[],[],[],[],[],[],[],[],[],[],[],[]],"aoaAz":[[141.326767],[140.601562],[139.757568],[138.790344],[137.774551],[136.570053],[135.149185],[133.626862],[131.779114],[129.542343],[127.048882],[123.934128],[120.380325],[],[],[],[],[],[],[],[],[],[],[],[],[],[],[],[],[],[],[],[],[],[],[],[],[],[],[],[],[],[],[],[],[],[],[],[],[]]}
{"tx":1,"rx":0,"paaTx":0,"paaRx":0,"target":0,"delay":[[2.49454644E-7],[2.38268413E-7],[2.27744465E-7],[2.17039442E-7],[2.06164586E-7],[1.95900157E-7],[1.85588391E-7],[1.75122466E-7],[1.65232976E-7],[1.55494E-7],[1.4565363E-7],[1.36442182E-7],[1.25766604E-7],[],[],[],[],[],[],[],[],[],[],[],[],[],[],[],[],[],[],[],[],[],[],[],[],[],[],[],[],[],[],[],[],[],[],[],[],[]],"gain":[[-143.790665],[-143.294678],[-142.871429],[-142.406769],[-141.869049],[-141.389267],[-140.871445],[-140.263245],[-139.692245],[-139.083969],[-138.366318],[-137.663528],[-136.579468],[],[],[],[],[],[],[],[],[],[],[],[],[],[],[],[],[],[],[],[],[],[],[],[],[],[],[],[],[],[],[],[],[],[],[],[],[]],"phase":[[1.75291252],[0.659144521],[4.19765377],[2.30311894],[5.49862432],[0.0606528707],[1.90786672],[2.18687701],[6.14849424],[4.02430153],[1.36863399],[3.33729386],[6.25840378],[],[],[],[],[],[],[],[],[],[],[],[],[],[],[],[],[],[],[],[],[],[],[],[],[],[],[],[],[],[],[],[],[],[],[],[],[]],"aodEl":[[90.4699097],[90.4705048],[90.5166702],[90.5500641],[90.5599365],[90.6276932],[90.6616592],[90.6919327],[90.7881393],[90.8277],[90.8972397],[91.0339584],[89.9787521],[],[],[],[],[],[],[],[],[],[],[],[],[],[],[],[],[],[],[],[],[],[],[],[],[],[],[],[],[],[],[],[],[],[],[],[],[]],"aodAz":[[141.326767],[140.601562],[139.757568],[138.790344],[137.774551],[136.570053],[135.149185],[133.626862],[131.779114],[129.542343],[127.048882],[123.934128],[120.380325],[],[],[],[],[],[],[],[],[],[],[],[],[],[],[],[],[],[],[],[],[],[],[],[],[],[],[],[],[],[],[],[],[],[],[],[],[]],"aoaEl":[[111.892952],[111.83252],[111.814827],[111.713722],[111.582344],[111.518753],[111.253464],[111.080711],[110.961052],[110.566483],[110.378891],[110.196213],[107.695511],[],[],[],[],[],[],[],[],[],[],[],[],[],[],[],[],[],[],[],[],[],[],[],[],[],[],[],[],[],[],[],[],[],[],[],[],[]],"aoaAz":[[89.9814301],[87.5847],[85.44207],[82.9759],[80.6697235],[78.5645523],[76.187767],[74.0261841],[71.9820328],[69.7868],[67.7985611],[65.8383942],[63.4535751],[],[],[],[],[],[],[],[],[],[],[],[],[],[],[],[],[],[],[],[],[],[],[],[],[],[],[],[],[],[],[],[],[],[],[],[],[]]}
